-1.000000000000000056e-01,2.000000000000000111e-01,1.000000000000000056e-01,1.000000000000000056e-01
-1.000000000000000056e-01,2.000000000000000111e-01,1.000000000000000056e-01,1.000000000000000056e-01
-9.800000000000000377e-02,3.442978657944584797e-01,8.399075529984843802e-02,2.700842755253449745e-01
-9.600000000000000200e-02,3.823353780397147350e-01,1.456701272448523432e-01,4.256064922968826880e-01
-9.400000000000000022e-02,3.811543542463079470e-01,3.412764709654328432e-01,4.982487835946819432e-01
-9.199999999999999845e-02,5.000000025155999506e-01,5.000000374873265763e-01,5.000000583930668263e-01
-8.999999999999999667e-02,7.000000025156000172e-01,5.567764701735230526e-01,5.567764598866860037e-01
-8.799999999999999489e-02,8.363269246644512434e-01,5.560932619263020404e-01,7.347506421362518525e-01
-8.599999999999999312e-02,8.638173110299951496e-01,6.426136257799608398e-01,9.161924145951705345e-01
-8.400000000000000522e-02,8.742865367266499099e-01,8.363950953723341408e-01,9.980314449052499759e-01
-8.200000000000000344e-02,1.000000005031199901e+00,1.000000257683744787e+00,1.000000116786133653e+00
-8.000000000000000167e-02,1.000000005031199901e+00,1.000000257683744787e+00,1.000000116786133653e+00
-7.799999999999999989e-02,1.000000005031199901e+00,1.000000257683744787e+00,1.000000116786133653e+00
-7.599999999999999811e-02,1.000000005031199901e+00,1.000000123857640588e+00,1.000000116786133653e+00
-7.399999999999999634e-02,1.000000005031199901e+00,1.000000123857640588e+00,1.000000116786133653e+00
-7.199999999999999456e-02,1.000000005031199901e+00,1.000000306566751096e+00,1.000000116786133653e+00
-7.000000000000000666e-02,1.000000005031199901e+00,1.000000306566751096e+00,1.000000116786133653e+00
-6.800000000000000488e-02,1.000000005031199901e+00,1.000000306566751096e+00,1.000000116786133653e+00
-6.600000000000000311e-02,1.000000005031199901e+00,1.000000172740681093e+00,1.000000116786133653e+00
-6.400000000000000133e-02,1.000000005031199901e+00,1.000000172740681093e+00,1.000000116786133653e+00
-6.199999999999999956e-02,1.000000005031199901e+00,1.000000172740681093e+00,1.000000116786133653e+00
-5.999999999999999778e-02,1.000000005031199901e+00,1.000000172740681093e+00,1.000000116786133653e+00
-5.800000000000000294e-02,1.000000005031199901e+00,1.000000172740681093e+00,1.000000116786133653e+00
-5.600000000000000117e-02,1.000000005031199901e+00,1.000000172740681093e+00,1.000000116786133653e+00
-5.399999999999999939e-02,1.000000005031199901e+00,1.000000172740681093e+00,1.000000116786133653e+00
-5.199999999999999761e-02,1.000000005031199901e+00,1.000000172740681093e+00,1.000000116786133653e+00
-5.000000000000000278e-02,1.000000005031199901e+00,1.000000172740681093e+00,1.000000116786133653e+00
-4.800000000000000100e-02,1.000000005031199901e+00,1.000000172740681093e+00,1.000000116786133653e+00
-4.599999999999999922e-02,1.000000005031199901e+00,1.000000172740681093e+00,1.000000116786133653e+00
-4.399999999999999745e-02,1.000000005031199901e+00,1.000000172740681093e+00,1.000000116786133653e+00
-4.200000000000000261e-02,1.000000005031199901e+00,1.000000172740681093e+00,1.000000116786133653e+00
-4.000000000000000083e-02,1.000000005031199901e+00,1.000000172740681093e+00,1.000000116786133653e+00
-3.799999999999999906e-02,1.000000005031199901e+00,1.000000172740681093e+00,1.000000116786133653e+00
-3.599999999999999728e-02,1.000000005031199901e+00,1.000000172740681093e+00,1.000000116786133653e+00
-3.400000000000000244e-02,9.999999432278190437e-01,9.999999771111791613e-01,1.000000116786133653e+00
-3.200000000000000067e-02,9.999999432278190437e-01,9.999999771111791613e-01,1.000000116786133653e+00
-2.999999999999999889e-02,9.999999432278190437e-01,9.999999771111791613e-01,1.000000116786133653e+00
-2.800000000000000058e-02,9.999999432278190437e-01,9.999999771111791613e-01,1.000000116786133653e+00
-2.599999999999999881e-02,1.000000005031272288e+00,9.999999771111791613e-01,1.000000116786133653e+00
-2.400000000000000050e-02,9.999999432279637057e-01,9.999997814816790065e-01,1.000000116786133653e+00
-2.199999999999999872e-02,9.999999432279637057e-01,9.999997814816790065e-01,1.000000116786133653e+00
-2.000000000000000042e-02,9.999999432279637057e-01,9.999998814817810944e-01,1.000000016786224633e+00
-1.799999999999999864e-02,9.999999432279637057e-01,9.999998814817810944e-01,1.000000016786224633e+00
-1.600000000000000033e-02,1.000000005031489225e+00,9.999998814817810944e-01,1.000000016786224633e+00
-1.400000000000000029e-02,1.000000005031489225e+00,9.999998814817810944e-01,1.000000016786224633e+00
-1.200000000000000025e-02,1.000000005031489225e+00,9.999998814817810944e-01,1.000000016786224633e+00
-1.000000000000000021e-02,1.000000005031489225e+00,9.999999814819130473e-01,9.999999167863455884e-01
-8.000000000000000167e-03,1.000000005031489225e+00,9.999999814819130473e-01,9.999999167863455884e-01
-6.000000000000000125e-03,1.000000005031489225e+00,9.999999814819130473e-01,9.999999167863455884e-01
-4.000000000000000083e-03,1.000000005031489225e+00,9.999999814819130473e-01,9.999999167863455884e-01
-2.000000000000000042e-03,1.000000005031489225e+00,9.999999814819130473e-01,9.999999167863455884e-01
0.000000000000000000e+00,1.000000005031489225e+00,9.999999814819130473e-01,9.999999167863455884e-01
1.918000000000000000e-03,9.947004854522554229e-01,9.996238962635919378e-01,9.906711123862197432e-01
3.917999999999999608e-03,9.938306738492789227e-01,9.950583871140380454e-01,9.811457672567126531e-01
5.917999999999999650e-03,9.934993507778737687e-01,9.859351565591318867e-01,9.756015946334193334e-01
7.917999999999999691e-03,9.890618489571566530e-01,9.758214250978816118e-01,9.750589700007509242e-01
9.917999999999999733e-03,9.789358780902647217e-01,9.702794442584175005e-01,9.755322736507388015e-01
1.191799999999999977e-02,9.678700378475104671e-01,9.711974313802168579e-01,9.704328322819176789e-01
1.391799999999999982e-02,9.636892506989513940e-01,9.723879861189930196e-01,9.581694722397009478e-01
1.591800000000000159e-02,9.671068526391863873e-01,9.651642670176963090e-01,9.466984158810058947e-01
1.791799999999999990e-02,9.679380082227534432e-01,9.502144098996605504e-01,9.454678851434550335e-01
1.991800000000000168e-02,9.570097473583361047e-01,9.398795492365031867e-01,9.513341760917488621e-01
2.191799999999999998e-02,9.452797488835612549e-01,9.435501388456775107e-01,9.593942968950303074e-01
2.391799999999999829e-02,9.394131761614185061e-01,9.555776626397544105e-01,9.532326045663754854e-01
2.591800000000000007e-02,9.478967155346481599e-01,9.587680154916370379e-01,9.415594079345527279e-01
2.781799999999999898e-02,9.559920190044876032e-01,9.514206881159228413e-01,9.411761951112183056e-01
2.981800000000000075e-02,9.545204283728973005e-01,9.446405393171448672e-01,9.496924881648233230e-01
3.181799999999999906e-02,9.457308490665742307e-01,9.482713873556933848e-01,9.550637200932492465e-01
3.381800000000000084e-02,9.422593412074887764e-01,9.571841650948371694e-01,9.497847162184746006e-01
3.581800000000000261e-02,9.491898658927945265e-01,9.587498229779813919e-01,9.413528248468840953e-01
3.771800000000000153e-02,9.542383536807218514e-01,9.536320769010546705e-01,9.416197527671966716e-01
3.971800000000000330e-02,9.527363535061703637e-01,9.494988082845540189e-01,9.473223493213590585e-01
4.171799999999999814e-02,9.468970835817612786e-01,9.522689973982073619e-01,9.503914056942086575e-01
4.371799999999999992e-02,9.450421853867299049e-01,9.579714694700304234e-01,9.464768692560830976e-01
4.561799999999999883e-02,9.473364583307679609e-01,9.582945491204869493e-01,9.438796997821531365e-01
4.761800000000000060e-02,9.521688266134091805e-01,9.530154077267301016e-01,9.444584472757492355e-01
4.961800000000000238e-02,9.503212745310694043e-01,9.491431361980359194e-01,9.502114716551937068e-01
5.151800000000000129e-02,9.475459015784110095e-01,9.506121417850247335e-01,9.516166689368009690e-01
5.351800000000000307e-02,9.467612181693009221e-01,9.533481587699779158e-01,9.496854096992546346e-01
5.541800000000000198e-02,9.465621506335153423e-01,9.533277710124904436e-01,9.499009087708865096e-01
5.741799999999999682e-02,9.488257859325226473e-01,9.507731982661716819e-01,9.502752464482407957e-01
5.941799999999999859e-02,9.478607489623723792e-01,9.489925614602804371e-01,9.530412199286747432e-01
6.131799999999999751e-02,9.480984956559751486e-01,9.488628153281123412e-01,9.529277926195357518e-01
6.331799999999999928e-02,9.481638587313385713e-01,9.486329350689746143e-01,9.530976037377159038e-01
6.521799999999999820e-02,9.479647188594138019e-01,9.486117435321876901e-01,9.533098618386015577e-01
6.721799999999999997e-02,9.477777258255636328e-01,9.488332664693666096e-01,9.532753360637991058e-01
6.921800000000000175e-02,9.478667457662364182e-01,9.489849937477917718e-01,9.530427668347424275e-01
7.111800000000000066e-02,9.481043872377064030e-01,9.488557466158925591e-01,9.529289860758068942e-01
7.311800000000000244e-02,9.481703419785179054e-01,9.486257731871639010e-01,9.530985130076029543e-01
7.501800000000000135e-02,9.479714863974543215e-01,9.486039826835630517e-01,9.533109865731240751e-01
7.701800000000000312e-02,9.477840694286540080e-01,9.488253660032431869e-01,9.532770534169784371e-01
7.891800000000000204e-02,9.488978726123740159e-01,9.509217902408970691e-01,9.500430750964448112e-01
8.091800000000000381e-02,9.491355930270510832e-01,9.507955969617585268e-01,9.499288549370638046e-01
8.291800000000000559e-02,9.492021998585484788e-01,9.505665431467641424e-01,9.500981684010442185e-01
8.481800000000000450e-02,9.490037004944351651e-01,9.505443578815735428e-01,9.503122451856261810e-01
8.681800000000000628e-02,9.488160574573734074e-01,9.507661167835285143e-01,9.502806814104769462e-01
8.871800000000000519e-02,9.499220637163738878e-01,9.529014706066138984e-01,9.470628539557919279e-01
9.071799999999999309e-02,9.501599999418222087e-01,9.527782696787669980e-01,9.469481997996893607e-01
9.261800000000000588e-02,9.511029267322518299e-01,9.495781312662365803e-01,9.491816114106902402e-01
9.461799999999999378e-02,9.509073256105843308e-01,9.495553551898375799e-01,9.493974797312072500e-01
9.651800000000000657e-02,9.482472020138217328e-01,9.525478417368348216e-01,9.490226689403349347e-01
9.851799999999999446e-02,9.483196263543900439e-01,9.527056866049482542e-01,9.487883300658788155e-01
1.005179999999999962e-01,9.485594355034615566e-01,9.525849391653571363e-01,9.486735452486767528e-01
1.024179999999999952e-01,9.495588341170613234e-01,9.493941589379421009e-01,9.509072738869670527e-01
1.044179999999999969e-01,9.493663841185930874e-01,9.493705902168620980e-01,9.511257923620909382e-01
1.063179999999999958e-01,9.467115625230262399e-01,9.523684704349838492e-01,9.508065218817108866e-01
1.083179999999999976e-01,9.467836944476072381e-01,9.525285962281739849e-01,9.505743903824824814e-01
1.102179999999999965e-01,9.500570041959721657e-01,9.509137971026233593e-01,9.488921575166070488e-01
1.122179999999999983e-01,9.501336190660899517e-01,9.506788075557508488e-01,9.490479725467289018e-01
1.141179999999999972e-01,9.475083649933719876e-01,9.502432099221149731e-01,9.520663459921027139e-01
1.161179999999999990e-01,9.473098620063487019e-01,9.504565401250342216e-01,9.520475583272770548e-01
1.181180000000000008e-01,9.473815045327753648e-01,9.506196073269305158e-01,9.518169697364294857e-01
1.200179999999999997e-01,9.506815548863007947e-01,9.490490506357378564e-01,9.501299256530116866e-01
1.220180000000000015e-01,9.507626021997266363e-01,9.488151720642826747e-01,9.502855338691142961e-01
1.239180000000000004e-01,9.481863272367215822e-01,9.483715980190431383e-01,9.533291655589071212e-01
1.259180000000000021e-01,9.479883028174759252e-01,9.485854071631034667e-01,9.533132967976699623e-01
1.278179999999999872e-01,9.488624586359333257e-01,9.508684535863533016e-01,9.501325281473219642e-01
1.298179999999999890e-01,9.491000399946445398e-01,9.507581149429318312e-01,9.500026083649762976e-01
1.318179999999999907e-01,9.491840873231610631e-01,9.505251097405893468e-01,9.501581973361825639e-01
1.337180000000000035e-01,9.489966665392819412e-01,9.504846230171366539e-01,9.503793890171108316e-01
1.357180000000000053e-01,9.487982605446257933e-01,9.506989929457334565e-01,9.503660205606628830e-01
1.376179999999999903e-01,9.496644521995023513e-01,9.530186178681092635e-01,9.472037777505151190e-01
1.396179999999999921e-01,9.499020560157839244e-01,9.529113131067782350e-01,9.470734867065694340e-01
1.415180000000000049e-01,9.510824027613135057e-01,9.496641159226147932e-01,9.491166024899866382e-01
1.435180000000000067e-01,9.508978467197778395e-01,9.496232610711253797e-01,9.493394986262896351e-01
1.454179999999999917e-01,9.480960769432155155e-01,9.525060718920576042e-01,9.492159945896045947e-01
1.474179999999999935e-01,9.481508478925819716e-01,9.526769436348959674e-01,9.489860708681664425e-01
1.494179999999999953e-01,9.483901793642152134e-01,9.525721584567935496e-01,9.488555375280466331e-01
1.513180000000000081e-01,9.496269556457757055e-01,9.493362394667770321e-01,9.508971891316176928e-01
1.533180000000000098e-01,9.494457407003301652e-01,9.492946081462055874e-01,9.511225336372993722e-01
1.552179999999999949e-01,9.466516188922766695e-01,9.521810883329533404e-01,9.510537965228335056e-01
1.572179999999999966e-01,9.467060520081186370e-01,9.523542492581736907e-01,9.508263180946464610e-01
1.591180000000000094e-01,9.499671437088947901e-01,9.509624912151579679e-01,9.489332628116123880e-01
1.611180000000000112e-01,9.500608570681944309e-01,9.507246150931283335e-01,9.490746897124375803e-01
1.631180000000000130e-01,9.498818096944501299e-01,9.506824223076847380e-01,9.493025444587810391e-01
1.650179999999999980e-01,9.496729618284720509e-01,9.508871582708411374e-01,9.492999531544707992e-01
1.670179999999999998e-01,9.497268246912239364e-01,9.510631153530085813e-01,9.490728080319998927e-01
1.689180000000000126e-01,9.529959309020560321e-01,9.497171525050110974e-01,9.471732498036279368e-01
1.709179999999999866e-01,9.530915059440920878e-01,9.494805468350396849e-01,9.473143834962258758e-01
1.728179999999999994e-01,9.506483136484069618e-01,9.487892722398633127e-01,9.504252833567023995e-01
1.748180000000000012e-01,9.504400833894647294e-01,9.489945479622833302e-01,9.504255811894346540e-01
1.768180000000000029e-01,9.504934042834409791e-01,9.491733239053354865e-01,9.502000770114750194e-01
1.787179999999999880e-01,9.507283691158254779e-01,9.490770899475385880e-01,9.500546234934204026e-01
1.807179999999999898e-01,9.508269165498426378e-01,9.488404723846635136e-01,9.501954381052239995e-01
1.826180000000000025e-01,9.484186513258537898e-01,9.481409453310688518e-01,9.533267256694861747e-01
1.846180000000000043e-01,9.482107103958371530e-01,9.483460312514275792e-01,9.533296115927429870e-01
1.865179999999999894e-01,9.488318707654642692e-01,9.508076262526536926e-01,9.502232607626176497e-01
1.885179999999999911e-01,9.490679372376432665e-01,9.507143982021994955e-01,9.500778938226611681e-01
1.905179999999999929e-01,9.491694918410454873e-01,9.504787670694824220e-01,9.502183787782677582e-01
1.924180000000000057e-01,9.489946476389171659e-01,9.504197543811165882e-01,9.504455024295541676e-01
1.944180000000000075e-01,9.487865241660125015e-01,9.506249117963396777e-01,9.504510115066872045e-01
1.963179999999999925e-01,9.493993994890436161e-01,9.531206857901879381e-01,9.473659453924324625e-01
1.983179999999999943e-01,9.496352899907583023e-01,9.530304594999510215e-01,9.472202841852209731e-01
2.002180000000000071e-01,9.510535464649993997e-01,9.497547054177835069e-01,9.490540821949152717e-01
2.022180000000000089e-01,9.508816163503004404e-01,9.496953629224096360e-01,9.492829377722684647e-01
2.042180000000000106e-01,9.506740666842700138e-01,9.499012633361890723e-01,9.492913519260943733e-01
2.061179999999999957e-01,9.507105290580619705e-01,9.500840815414569596e-01,9.490654376401412851e-01
2.081179999999999974e-01,9.509476371971673503e-01,9.499957635659858068e-01,9.489192999554981744e-01
2.100180000000000102e-01,9.524112096282753015e-01,9.467286438424397099e-01,9.507466483588254968e-01
2.120180000000000120e-01,9.522420966414981702e-01,9.466687382684880747e-01,9.509758098496184919e-01
2.139179999999999970e-01,9.493184202546891548e-01,9.494203857963633419e-01,9.511242483201048925e-01
2.159179999999999988e-01,9.493543117055613934e-01,9.496052628570037513e-01,9.509008767367425063e-01
2.179180000000000006e-01,9.495929729816360298e-01,9.495195448605474597e-01,9.507545920827180641e-01
2.198180000000000134e-01,9.497016978493552086e-01,9.492785166490939064e-01,9.508802087558471117e-01
2.218179999999999874e-01,9.495337314252595418e-01,9.492178391635737178e-01,9.511114395375441788e-01
2.237180000000000002e-01,9.466093391211181096e-01,9.519670541966995803e-01,9.513100648713874730e-01
2.257180000000000020e-01,9.466446405242571194e-01,9.521528113662628412e-01,9.510890742837999623e-01
2.277180000000000037e-01,9.468834578486554632e-01,9.520683423525013733e-01,9.509426265982086068e-01
2.296179999999999888e-01,9.469934957678159959e-01,9.518276448201105078e-01,9.510679473462542166e-01
2.316179999999999906e-01,9.468266869814232489e-01,9.517663945133650882e-01,9.513012281437156492e-01
2.335180000000000033e-01,9.466082434005275159e-01,9.519601862946730497e-01,9.513177925891428410e-01
2.355180000000000051e-01,9.466429497316588559e-01,9.521464285225273994e-01,9.510968765653564638e-01
2.374179999999999902e-01,9.498686266992723004e-01,9.510090000180929648e-01,9.489850730409398194e-01
2.394179999999999919e-01,9.499804256359498655e-01,9.507697335174510878e-01,9.491098889763800450e-01
2.414179999999999937e-01,9.498151419959401931e-01,9.507079522079417977e-01,9.493435230875877373e-01
2.433180000000000065e-01,9.495968911900967147e-01,9.509021650105697887e-01,9.493610382555515148e-01
2.453180000000000083e-01,9.496310086960435548e-01,9.510911162205233360e-01,9.491405584376313431e-01
2.472179999999999933e-01,9.528623619890443930e-01,9.500010021140032901e-01,9.470229901803705053e-01
2.492179999999999951e-01,9.529758583261749294e-01,9.497631881846291257e-01,9.471474929490946160e-01
2.512179999999999969e-01,9.528120920389970827e-01,9.497008807296836164e-01,9.473816050846843861e-01
2.531180000000000097e-01,9.525940350626602715e-01,9.498953253080928416e-01,9.474000831389285393e-01
2.551180000000000114e-01,9.526275628304868848e-01,9.500869762977814936e-01,9.471802676478906502e-01
2.570180000000000242e-01,9.528582094524865598e-01,9.500095208044487816e-01,9.470190927998755059e-01
2.590180000000000260e-01,9.529722167214668138e-01,9.497715732442524317e-01,9.471430625518088009e-01
2.609179999999999833e-01,9.507276117239326085e-01,9.488049127371576130e-01,9.503306273975734575e-01
2.629179999999999851e-01,9.505099884158066947e-01,9.489987886809410078e-01,9.503515794312026310e-01
2.649179999999999868e-01,9.505429314035185318e-01,9.491909772473291484e-01,9.501332535201708618e-01
2.668179999999999996e-01,9.507745663161509819e-01,9.491141408786532008e-01,9.499718278022980522e-01
2.688180000000000014e-01,9.508915648530769094e-01,9.488762374889575524e-01,9.500952061526073411e-01
2.707180000000000142e-01,9.486846200723730860e-01,9.479016760973127953e-01,9.533002967532318017e-01
2.727180000000000160e-01,9.484674494261177147e-01,9.480953377529124371e-01,9.533237049724526679e-01
2.747180000000000177e-01,9.484998056893596541e-01,9.482878854655734102e-01,9.531067566055032581e-01
2.766179999999999750e-01,9.487322653414880236e-01,9.482116707358305696e-01,9.529450843365345758e-01
2.786179999999999768e-01,9.488523134446258389e-01,9.479739557605099121e-01,9.530680576032816154e-01
2.805179999999999896e-01,9.486924448451679037e-01,9.478950816178265404e-01,9.532988297133799804e-01
2.825179999999999914e-01,9.484751171216174725e-01,9.480885138476041751e-01,9.533228325114740942e-01
2.845179999999999931e-01,9.485066765087570850e-01,9.482813645833100269e-01,9.531061895403720730e-01
2.864180000000000059e-01,9.487390616658964992e-01,9.482057053039396610e-01,9.529442206491754996e-01
2.884180000000000077e-01,9.488596200467852571e-01,9.479678618722937600e-01,9.530668491601542724e-01
2.903180000000000205e-01,9.487002070606890269e-01,9.478884101671430917e-01,9.532978529249397370e-01
2.923180000000000223e-01,9.484825557247790195e-01,9.480814343131628297e-01,9.533224399274744520e-01
2.942179999999999795e-01,9.488057603685082775e-01,9.507306671182218505e-01,9.503264062773512100e-01
2.962179999999999813e-01,9.490379170543248311e-01,9.506579648478188371e-01,9.501642379581630715e-01
2.982179999999999831e-01,9.491589917210426774e-01,9.504212009342412060e-01,9.502864747132222512e-01
3.001179999999999959e-01,9.489999703755999105e-01,9.503412365839344345e-01,9.505188704366339669e-01
3.021179999999999977e-01,9.487821660138843205e-01,9.505343501790857186e-01,9.505462029910745070e-01
3.040180000000000105e-01,9.490972002922547501e-01,9.532147000658175440e-01,9.475745481189263852e-01
3.060180000000000122e-01,9.493292829290066459e-01,9.531449408567255199e-01,9.474121906820187622e-01
3.080180000000000140e-01,9.494508727209105547e-01,9.529095428981432248e-01,9.475340310279453115e-01
3.099180000000000268e-01,9.492923144653173662e-01,9.528290698393316882e-01,9.477676905082997871e-01
3.119179999999999731e-01,9.490743578119414936e-01,9.530222581769460799e-01,9.477977981263149276e-01
3.138179999999999858e-01,9.490889417610813839e-01,9.532167998234430950e-01,9.475805133453176765e-01
3.158179999999999876e-01,9.493209464284062538e-01,9.531475942216890429e-01,9.474178654093492469e-01
3.178179999999999894e-01,9.494430437417448188e-01,9.529122159004149717e-01,9.475391639146847345e-01
3.197180000000000022e-01,9.492850132933531304e-01,9.528311681936127986e-01,9.477729246053979706e-01
3.217180000000000040e-01,9.490667360365210303e-01,9.530241181602467915e-01,9.478036202809824173e-01
3.236180000000000168e-01,9.490809212521242877e-01,9.532190324366708323e-01,9.475866618369314098e-01
3.256180000000000185e-01,9.493126906351303518e-01,9.531504101568285536e-01,9.474235382226694480e-01
3.276180000000000203e-01,9.494353478701136329e-01,9.529149128163961757e-01,9.475442943092716730e-01
3.295179999999999776e-01,9.492777752500900501e-01,9.528332908405232615e-01,9.477781549772166247e-01
3.315179999999999794e-01,9.490591785882471765e-01,9.530258224377516907e-01,9.478094380176393940e-01
3.334179999999999922e-01,9.490727651988852820e-01,9.532211086293426172e-01,9.475927000026816982e-01
3.354179999999999939e-01,9.493044544678830299e-01,9.531530698175421090e-01,9.474289158300321922e-01
3.374179999999999957e-01,9.494276715527050214e-01,9.529175944812539045e-01,9.475493228235100096e-01
3.393180000000000085e-01,9.492704876233600819e-01,9.528353986146702592e-01,9.477834104033879825e-01
3.413180000000000103e-01,9.490515728038951826e-01,9.530276902525648408e-01,9.478153071991153311e-01
3.432180000000000231e-01,9.490643609071620634e-01,9.532232544190544221e-01,9.475987910195527997e-01
3.452180000000000248e-01,9.492959691534020861e-01,9.531557705979675221e-01,9.474345329395221782e-01
3.471179999999999821e-01,9.510069747650417016e-01,9.498732558190275954e-01,9.489825529093637302e-01
3.491179999999999839e-01,9.508527488704164865e-01,9.497905342685795116e-01,9.492168445132519450e-01
3.511179999999999857e-01,9.506345503316588896e-01,9.499827165505290161e-01,9.492495216586285256e-01
3.530179999999999985e-01,9.506467424579564396e-01,9.501798768180235166e-01,9.490333587569743656e-01
3.550180000000000002e-01,9.508793522072139792e-01,9.501144972938337929e-01,9.488688381051095799e-01
3.569180000000000130e-01,9.526332401335704247e-01,9.468436324974466300e-01,9.504095377109029741e-01
3.589180000000000148e-01,9.524820390113996060e-01,9.467603884331037278e-01,9.506440297862512878e-01
3.609180000000000166e-01,9.522645672667554573e-01,9.469524580606094588e-01,9.506774839384559694e-01
3.628179999999999739e-01,9.522763623845055259e-01,9.471512210368877582e-01,9.504617794515664020e-01
3.648179999999999756e-01,9.525097948857265129e-01,9.470879912857649296e-01,9.502969966926457790e-01
3.667179999999999884e-01,9.526385267662874634e-01,9.468468953908790731e-01,9.504012351340905829e-01
3.687179999999999902e-01,9.524877201938789506e-01,9.467630802324529249e-01,9.506358203170852672e-01
3.707179999999999920e-01,9.522701044493983025e-01,9.469549062026368924e-01,9.506698570048396357e-01
3.726180000000000048e-01,9.522813002094878687e-01,9.471539460212397010e-01,9.504544810866948357e-01
3.746180000000000065e-01,9.525146405799224114e-01,9.470913087051432422e-01,9.502892265057417687e-01
3.765180000000000193e-01,9.526438632061037248e-01,9.468501187821825038e-01,9.503931089965241830e-01
3.785180000000000211e-01,9.524935192288274122e-01,9.467657329366158114e-01,9.506276571287166632e-01
3.805180000000000229e-01,9.522755955468062972e-01,9.469569537030556594e-01,9.506622902114144624e-01
3.824179999999999802e-01,9.522859919594477418e-01,9.471563643562116441e-01,9.504471381922923179e-01
3.844179999999999819e-01,9.525192392354694393e-01,9.470943195819684357e-01,9.502812274539483850e-01
3.863179999999999947e-01,9.526490088633571274e-01,9.468533125173027587e-01,9.503845593589326235e-01
3.883179999999999965e-01,9.524991948698826594e-01,9.467685530470226762e-01,9.506193272522007742e-01
3.903179999999999983e-01,9.522809644501885051e-01,9.469595284203182750e-01,9.506545568579901628e-01
3.922180000000000111e-01,9.522907613840150276e-01,9.471592136050833721e-01,9.504396300633257688e-01
3.942180000000000129e-01,9.525237557699722801e-01,9.470977353705350987e-01,9.502734343554433138e-01
3.961180000000000256e-01,9.526540150224459547e-01,9.468567743698564909e-01,9.503760208649324470e-01
3.981180000000000274e-01,9.525045984660338583e-01,9.467714449840156643e-01,9.506108784661538857e-01
4.001179999999999737e-01,9.522862270731968781e-01,9.469621742293605759e-01,9.506466894637711773e-01
4.020179999999999865e-01,9.522956244188776065e-01,9.471621327638671817e-01,9.504319890190874309e-01
4.040179999999999882e-01,9.525283646436160101e-01,9.471012217017066304e-01,9.502655089714134862e-01
4.059180000000000010e-01,9.526591128502261974e-01,9.468603079027181346e-01,9.503675437949511418e-01
4.079180000000000028e-01,9.525101610188921875e-01,9.467742124526005165e-01,9.506024899291067864e-01
4.099180000000000046e-01,9.522914851280476212e-01,9.469643333855182199e-01,9.506388970288286444e-01
4.118180000000000174e-01,9.523002828977865653e-01,9.471647558964033653e-01,9.504245288938806269e-01
4.138180000000000192e-01,9.525329268159403728e-01,9.471044381912643306e-01,9.502573953843639343e-01
4.157179999999999764e-01,9.526641633254882002e-01,9.468635727380791955e-01,9.503590724185332350e-01
4.177179999999999782e-01,9.525157428184660713e-01,9.467769082543037173e-01,9.505941059783424851e-01
4.197179999999999800e-01,9.522967636066065333e-01,9.469667813799006462e-01,9.506311091709948036e-01
4.216179999999999928e-01,9.523047617980516799e-01,9.471674753300121097e-01,9.504170741462932837e-01
4.236179999999999946e-01,9.525373084175176031e-01,9.471077510151872936e-01,9.502494729951653785e-01
4.255180000000000073e-01,9.526690324906866847e-01,9.468667980316158861e-01,9.503505973737969015e-01
4.275180000000000091e-01,9.525210778574932924e-01,9.467795649352731546e-01,9.505857172173290959e-01
4.295180000000000109e-01,9.523019606568982054e-01,9.469691895192593467e-01,9.506233164321560292e-01
4.314180000000000237e-01,9.523093591749431930e-01,9.471701537084795675e-01,9.504095109586486734e-01
4.334180000000000255e-01,9.525416480792271434e-01,9.471110228893461214e-01,9.502416277045221404e-01
4.354180000000000272e-01,9.509955923089538077e-01,9.499034839535329677e-01,9.489751049508426961e-01
4.373179999999999845e-01,9.508455401440873977e-01,9.498158224855852705e-01,9.492103455811642387e-01
4.393179999999999863e-01,9.506253912141917617e-01,9.500045328701136604e-01,9.492483778925780991e-01
4.412179999999999991e-01,9.506323890905361562e-01,9.502046195117044292e-01,9.490347874306930276e-01
4.432180000000000009e-01,9.508635451099343161e-01,9.501444597598928121e-01,9.488664141125856544e-01
4.451180000000000136e-01,9.509936850669636899e-01,9.499028713649035893e-01,9.489664235180877983e-01
4.471180000000000154e-01,9.508440991629298900e-01,9.498146412547728845e-01,9.492016188627312445e-01
4.491180000000000172e-01,9.506238114592593380e-01,9.500031024265884749e-01,9.492402479751528288e-01
4.510179999999999745e-01,9.506300097647335523e-01,9.502034576102229568e-01,9.490268896797257048e-01
4.530179999999999763e-01,9.508610689353651502e-01,9.501438644195515648e-01,9.488580511432701536e-01
4.549179999999999890e-01,9.526839894354657279e-01,9.468771172309352613e-01,9.503254174153372702e-01
4.569179999999999908e-01,9.525373717098819526e-01,9.467881808402474064e-01,9.505607894448643291e-01
4.589179999999999926e-01,9.523176823642708344e-01,9.469766928205318735e-01,9.506001600181149813e-01
4.608180000000000054e-01,9.523232816238197396e-01,9.471786542996203373e-01,9.503871541322956862e-01
4.628180000000000072e-01,9.525552695080355958e-01,9.471212559932259412e-01,9.502180596911551369e-01
4.647180000000000200e-01,9.526889958154036719e-01,9.468805127528546750e-01,9.503169683744510099e-01
4.667180000000000217e-01,9.525428471090227056e-01,9.467912057409213489e-01,9.505524221778771654e-01
4.687180000000000235e-01,9.523228600679125577e-01,9.469791032976598855e-01,9.505923883194385970e-01
4.706179999999999808e-01,9.523280594820477951e-01,9.471814278428914990e-01,9.503797200309191950e-01
4.726179999999999826e-01,9.525597851010765282e-01,9.471246239362288710e-01,9.502101619858716042e-01
4.745179999999999954e-01,9.526939958693936283e-01,9.468840719933104833e-01,9.503085154852343175e-01
4.765179999999999971e-01,9.525483813131996325e-01,9.467941984618253315e-01,9.505440499267671095e-01
4.785179999999999989e-01,9.523282611531015407e-01,9.469816618963252663e-01,9.505846115659071227e-01
4.804180000000000117e-01,9.523326607365163454e-01,9.471842511970097744e-01,9.503722816334584378e-01
4.824180000000000135e-01,9.525641227655372578e-01,9.471280179204354388e-01,9.502022608358678957e-01
4.843180000000000263e-01,9.526988171507451142e-01,9.468875221361965355e-01,9.503002534700483173e-01
4.863179999999999725e-01,9.525536726084506967e-01,9.467970825222375986e-01,9.505359984919332650e-01
4.883179999999999743e-01,9.523334202246518387e-01,9.469842924813847151e-01,9.505771556558394453e-01
4.902179999999999871e-01,9.523372199272791550e-01,9.471871453625924087e-01,9.503650618850199017e-01
4.922179999999999889e-01,9.525685774210064238e-01,9.471315067861455494e-01,9.501945792168169369e-01
4.942179999999999906e-01,9.509874731011750404e-01,9.499210155762851659e-01,9.489659504404925894e-01
4.961180000000000034e-01,9.508402349343793025e-01,9.498299482210087463e-01,9.492015554721172643e-01
4.981180000000000052e-01,9.506187778595306392e-01,9.500166061661883266e-01,9.492431554456114418e-01
5.000179999999999625e-01,9.506221773622570703e-01,9.502185693949003475e-01,9.490311855391111440e-01
5.020179999999999643e-01,9.508524206249752142e-01,9.501619024753391596e-01,9.488602185004931799e-01
5.040179999999999660e-01,9.492954929785234475e-01,9.529612379542329315e-01,9.476379512534292004e-01
5.059179999999999788e-01,9.491462208025880365e-01,9.528693466167401649e-01,9.478735477719024693e-01
5.079179999999999806e-01,9.489235583549961994e-01,9.530552720472214023e-01,9.479155749565438827e-01
5.098179999999999934e-01,9.489263576951608714e-01,9.532563490301498854e-01,9.477038339717104298e-01
5.118179999999999952e-01,9.491554816088141333e-01,9.531986344087292062e-01,9.475325674107084595e-01
5.137180000000000080e-01,9.509841645659916631e-01,9.499234130525234798e-01,9.489554160466527888e-01
5.157180000000000097e-01,9.508379337396952735e-01,9.498312139195748127e-01,9.491913079360684291e-01
5.177180000000000115e-01,9.506160487823543948e-01,9.500169998461097665e-01,9.492340832055978783e-01
5.196180000000000243e-01,9.506180485693259685e-01,9.502195822515083767e-01,9.490226954820107919e-01
5.216180000000000261e-01,9.508479252667760839e-01,9.501640757808170745e-01,9.488509929135258147e-01
5.235180000000000389e-01,9.527185027572072640e-01,9.469017133536410391e-01,9.502665512862774611e-01
5.255180000000000407e-01,9.525752454286215976e-01,9.468090138411408008e-01,9.505024722805471837e-01
5.275180000000000424e-01,9.523541480763966227e-01,9.469946566795452991e-01,9.505459926360779743e-01
5.294180000000000552e-01,9.523555480369283455e-01,9.471987489731901189e-01,9.503350597823463364e-01
5.314179999999999460e-01,9.525861560443894538e-01,9.471454678097221969e-01,9.501629219143915561e-01
5.334179999999999477e-01,9.509819136061111733e-01,9.499327430981592268e-01,9.489596077202505642e-01
5.353179999999999605e-01,9.508366296970630627e-01,9.498394137895139755e-01,9.491955197543575640e-01
5.373179999999999623e-01,9.506143218457580035e-01,9.500243232676500726e-01,9.492394706212760047e-01
5.392179999999999751e-01,9.506153217727534299e-01,9.502275178635666286e-01,9.490287721907169072e-01
5.412179999999999769e-01,9.508448282246232397e-01,9.501731691838964933e-01,9.488561537624244924e-01
5.432179999999999787e-01,9.492646067485762673e-01,9.529704123298967655e-01,9.476592164735705426e-01
5.451179999999999914e-01,9.491172914250518566e-01,9.528766495074338927e-01,9.478952519694755496e-01
5.471179999999999932e-01,9.488937723043598949e-01,9.530610083331378934e-01,9.479396536550380725e-01
5.490180000000000060e-01,9.488941722487668207e-01,9.532633087358715063e-01,9.477290899099619637e-01
5.510180000000000078e-01,9.491225720607073812e-01,9.532078967957660076e-01,9.475561754327859187e-01
5.530180000000000096e-01,9.492569417568447188e-01,9.529729094114266497e-01,9.476648907428576463e-01
5.549180000000000224e-01,9.491100362189837103e-01,9.528783855313017748e-01,9.479010003219542346e-01
5.569180000000000241e-01,9.488863874724074998e-01,9.530623051380260335e-01,9.479459998902595164e-01
5.588180000000000369e-01,9.488859875199173732e-01,9.532648600786831627e-01,9.477356821355694683e-01
5.608180000000000387e-01,9.491142835524302157e-01,9.532100593530384858e-01,9.475623118891218777e-01
5.628180000000000405e-01,9.492491451635731714e-01,9.529751193854878455e-01,9.476704721127515718e-01
5.647180000000000533e-01,9.491027797212411299e-01,9.528800310385672212e-01,9.479065221951933351e-01
5.667180000000000550e-01,9.488790022506140565e-01,9.530635104792765100e-01,9.479521003519698619e-01
5.686179999999999568e-01,9.488780023507699113e-01,9.532664168696521889e-01,9.477421311147974370e-01
5.706179999999999586e-01,9.491060334579886071e-01,9.532122040257176021e-01,9.475683059484932835e-01
5.726179999999999604e-01,9.492414453741561120e-01,9.529774477800105892e-01,9.476757152843902077e-01
5.745179999999999731e-01,9.490955559230610517e-01,9.528817954073037777e-01,9.479118369131432909e-01
5.765179999999999749e-01,9.488714873697355889e-01,9.530650157082070084e-01,9.479580318811751116e-01
5.784179999999999877e-01,9.488700874861049073e-01,9.532681743052301426e-01,9.477483107932392903e-01
5.804179999999999895e-01,9.490978524353556045e-01,9.532145041664870089e-01,9.475742148686997490e-01
5.824179999999999913e-01,9.492337550617683251e-01,9.529797973905906883e-01,9.476810680596796654e-01
5.843180000000000041e-01,9.490882782656001604e-01,9.528835814450803410e-01,9.479173930386483038e-01
5.863180000000000058e-01,9.488640830489525335e-01,9.530663598775963585e-01,9.479641857331934096e-01
5.882180000000000186e-01,9.488620831842961012e-01,9.532697695749704492e-01,9.477548150457258958e-01
5.902180000000000204e-01,9.490897411696065378e-01,9.532166879606758236e-01,9.475800827397494741e-01
5.922180000000000222e-01,9.492260741902595056e-01,9.529818968666807777e-01,9.476865746937858104e-01
5.941180000000000350e-01,9.490811388443657348e-01,9.528853137060132594e-01,9.479228362349123582e-01
5.961180000000000367e-01,9.488568178391885155e-01,9.530676493578701391e-01,9.479702065839086256e-01
5.980180000000000495e-01,9.488540179898670157e-01,9.532714078376018918e-01,9.477611869702339265e-01
6.000180000000000513e-01,9.490815679811572814e-01,9.532189148781398114e-01,9.475861854579441523e-01
6.020180000000000531e-01,9.492183899935102698e-01,9.529841756196921754e-01,9.476921203272267169e-01
6.039179999999999549e-01,9.490739962423687670e-01,9.528870297362714847e-01,9.479284500347067155e-01
6.059179999999999566e-01,9.488492246197348656e-01,9.530691039636440820e-01,9.479763973075082673e-01
6.078179999999999694e-01,9.488458247609751206e-01,9.532732105018533186e-01,9.477675283604114487e-01
6.098179999999999712e-01,9.490732658057342563e-01,9.532213063151205867e-01,9.475920753801029273e-01
6.118179999999999730e-01,9.492106363235294220e-01,9.529864855454832639e-01,9.476974526773150886e-01
6.137179999999999858e-01,9.490666578486924854e-01,9.528885815914593937e-01,9.479339828828956538e-01
6.157179999999999875e-01,9.488417626824635631e-01,9.530702113589499813e-01,9.479825271080895011e-01
6.176180000000000003e-01,9.488379627996993415e-01,9.532745659417258821e-01,9.477740112708905595e-01
6.196180000000000021e-01,9.490651331109409838e-01,9.532232506123878846e-01,9.475981077246692363e-01
6.216180000000000039e-01,9.492029916124246069e-01,9.529884840943053659e-01,9.477029269652589294e-01
6.235180000000000167e-01,9.490594927225736166e-01,9.528900183828993287e-01,9.479395233353199446e-01
6.255180000000000184e-01,9.488344749366998121e-01,9.530712027764671745e-01,9.479886644240260729e-01
6.275180000000000202e-01,9.487976757371183734e-01,9.506545558422309083e-01,9.504219441241709143e-01
6.294180000000000330e-01,9.490245740002493102e-01,9.506015310725304257e-01,9.502454005786774571e-01
6.314180000000000348e-01,9.491629196449380412e-01,9.503657049360046960e-01,9.503495537212330868e-01
6.333180000000000476e-01,9.490199637608703886e-01,9.502667743434780601e-01,9.505848199709271418e-01
6.353180000000000494e-01,9.487948242180840319e-01,9.504471202777847738e-01,9.506322930586560416e-01
6.373180000000000511e-01,9.487648246452204948e-01,9.480474468249208142e-01,9.530821007634343589e-01
6.392179999999999529e-01,9.489916107679639001e-01,9.479927272111627889e-01,9.529047360931079957e-01
6.412179999999999547e-01,9.491305037373775066e-01,9.477557038310232551e-01,9.530082231116554503e-01
6.431179999999999675e-01,9.489879659212063778e-01,9.476561126738700658e-01,9.532422962719301340e-01
6.451179999999999692e-01,9.487625433707003175e-01,9.478356182781066952e-01,9.532881084138576933e-01
6.471179999999999710e-01,9.487721432909427266e-01,9.480411976205087576e-01,9.530810645836645945e-01
6.490179999999999838e-01,9.489988164458251774e-01,9.479870504116042484e-01,9.529032463792822538e-01
6.510179999999999856e-01,9.491381957017401838e-01,9.477500822976840933e-01,9.530061760323109699e-01
6.529179999999999984e-01,9.489961397402298937e-01,9.476499286207104022e-01,9.532404464859584037e-01
6.549180000000000001e-01,9.487704354759813885e-01,9.478291738335197225e-01,9.532868296351139081e-01
6.569180000000000019e-01,9.487794354402945274e-01,9.480350159945524213e-01,9.530800234146554750e-01
6.588180000000000147e-01,9.490058331958823867e-01,9.479814643330770618e-01,9.529017525616014783e-01
6.608180000000000165e-01,9.491456366385576660e-01,9.477445525838092966e-01,9.530041243686775410e-01
6.627180000000000293e-01,9.490041252694056961e-01,9.476438368466025830e-01,9.532383255311053238e-01
6.647180000000000311e-01,9.487784644372070364e-01,9.478226388728601126e-01,9.532852988449004306e-01
6.667180000000000328e-01,9.487868644270307517e-01,9.480287425820160818e-01,9.530787314222691764e-01
6.686180000000000456e-01,9.490131470619970200e-01,9.479757864702356152e-01,9.529001919145909660e-01
6.706180000000000474e-01,9.491534349009984606e-01,9.477389321624817287e-01,9.530020053937432456e-01
6.725179999999999492e-01,9.490124063052980397e-01,9.476376548255531773e-01,9.532362688873114998e-01
6.745179999999999509e-01,9.487864658576176113e-01,9.478160127393285839e-01,9.532838122663758185e-01
6.765179999999999527e-01,9.487942658572736665e-01,9.480224756888342430e-01,9.530775854471238429e-01
6.784179999999999655e-01,9.490204324362474519e-01,9.479700932186959639e-01,9.528985949275610157e-01
6.804179999999999673e-01,9.491612658811008352e-01,9.477332975326437925e-01,9.530000450691745728e-01
6.824179999999999691e-01,9.508187743612340759e-01,9.488435630678470067e-01,9.502119801914964414e-01
6.843179999999999819e-01,9.505916068209009362e-01,9.490216369879980185e-01,9.502584290492709362e-01
6.863179999999999836e-01,9.505986067394903705e-01,9.492283625440094408e-01,9.500512826498215269e-01
6.882179999999999964e-01,9.508235432767020434e-01,9.491764508202329420e-01,9.498715604868607221e-01
6.902179999999999982e-01,9.509623533843313270e-01,9.489395111108794856e-01,9.499723734220543170e-01
6.922180000000000000e-01,9.526434050811656284e-01,9.500564005928319178e-01,9.471946310734516983e-01
6.941180000000000128e-01,9.524151772381610481e-01,9.502340073478383609e-01,9.472399800346609222e-01
6.961180000000000145e-01,9.524217769506495568e-01,9.504408942004213268e-01,9.470318090709981540e-01
6.980180000000000273e-01,9.526454844890386298e-01,9.503894512944580653e-01,9.468515376615151968e-01
7.000180000000000291e-01,9.527822765177759168e-01,9.501525018899441566e-01,9.469515179315116660e-01
7.020180000000000309e-01,9.526392142794164464e-01,9.500642131437392335e-01,9.471909903795652230e-01
7.039180000000000437e-01,9.524107015160304668e-01,9.502413729298105904e-01,9.472369369889009905e-01
7.059180000000000454e-01,9.524167013199845711e-01,9.504485149828111323e-01,9.470290105205649844e-01
7.078179999999999472e-01,9.526402941017964032e-01,9.503976651811375520e-01,9.468482886192481907e-01
7.098179999999999490e-01,9.527775681591343915e-01,9.501609100402028663e-01,9.469477108180079927e-01
7.118179999999999508e-01,9.526349775351939941e-01,9.500720574305959731e-01,9.471872594466277384e-01
7.137179999999999636e-01,9.524063437029696155e-01,9.502489518792658352e-01,9.472338037127412402e-01
7.157179999999999653e-01,9.524117435768835183e-01,9.504565473215387250e-01,9.470262240346285498e-01
7.176179999999999781e-01,9.526352206588750704e-01,9.504062907478384448e-01,9.468450525373962590e-01
7.196179999999999799e-01,9.527729760547656301e-01,9.501695967083545469e-01,9.469441115626633376e-01
7.216179999999999817e-01,9.526308577425685042e-01,9.500803763489810150e-01,9.471836022450454973e-01
7.235179999999999945e-01,9.524021037810641577e-01,9.502568221275639049e-01,9.472307241385068410e-01
7.255179999999999962e-01,9.524069037062452558e-01,9.504646707550438167e-01,9.470233910913714581e-01
7.274180000000000090e-01,9.526301029816849342e-01,9.504149865201557690e-01,9.468417708855488835e-01
7.294180000000000108e-01,9.527683389723423657e-01,9.501783546920106183e-01,9.469402709224007397e-01
7.314180000000000126e-01,9.526266936160305843e-01,9.500883757191758150e-01,9.471798352776705787e-01
7.333180000000000254e-01,9.523976581345153791e-01,9.502643719394803234e-01,9.472275543552239885e-01
7.353180000000000271e-01,9.524018580950843749e-01,9.504724725739691626e-01,9.470204692069843500e-01
7.372180000000000399e-01,9.526249396403912995e-01,9.504233612811491261e-01,9.468384012082836643e-01
7.392180000000000417e-01,9.527636555893075343e-01,9.501866592402309353e-01,9.469363417805406469e-01
7.412180000000000435e-01,9.526224839392269939e-01,9.500961177725537610e-01,9.471759787193518854e-01
7.431179999999999453e-01,9.523933303579179555e-01,9.502716635577568294e-01,9.472242745880926629e-01
7.451179999999999470e-01,9.523969303408095222e-01,9.504801154574569200e-01,9.470175389065663696e-01
7.471179999999999488e-01,9.497221075545948521e-01,9.510666668253292544e-01,9.490856680803988477e-01
7.490179999999999616e-01,9.498603986057685411e-01,9.508283601695567411e-01,9.491830267057943527e-01
7.510179999999999634e-01,9.497187434373727255e-01,9.507371339930653642e-01,9.494224543391849291e-01
7.529179999999999762e-01,9.494889411435282200e-01,9.509117353437976927e-01,9.494708509867212376e-01
7.549179999999999779e-01,9.494919411187795477e-01,9.511181615192475514e-01,9.492640906321202499e-01
7.569179999999999797e-01,9.468235576835404288e-01,9.517329327074411927e-01,9.513378791610650476e-01
7.588179999999999925e-01,9.469613621363224265e-01,9.514931611926124022e-01,9.514346556971771118e-01
7.608179999999999943e-01,9.468192222928251134e-01,9.514012515202914244e-01,9.516740062568118663e-01
7.627180000000000071e-01,9.465889328598481312e-01,9.515750889211654906e-01,9.517225018700020689e-01
7.647180000000000089e-01,9.465913328293288354e-01,9.517795883218860276e-01,9.515157155580528103e-01
7.667180000000000106e-01,9.468230047141330541e-01,9.517264517433952076e-01,9.513451194581098447e-01
7.686180000000000234e-01,9.469612346299430827e-01,9.514867384813533446e-01,9.514413353774335835e-01
7.706180000000000252e-01,9.468195755013477655e-01,9.513944605154099898e-01,9.516807533376321349e-01
7.725180000000000380e-01,9.465891711552301135e-01,9.515678505049177671e-01,9.517298193451287913e-01
7.745180000000000398e-01,9.465909711423867723e-01,9.517726039683275241e-01,9.515232794843273556e-01
7.765180000000000415e-01,9.468225352912315040e-01,9.517200349259293812e-01,9.513524127457051449e-01
7.784180000000000543e-01,9.469612506010859354e-01,9.514802463385909626e-01,9.514480675793449693e-01
7.804179999999999451e-01,9.468200728916573716e-01,9.513874045598296192e-01,9.516874179714497339e-01
7.823179999999999579e-01,9.465893924937118786e-01,9.515603462600318307e-01,9.517370746434014039e-01
7.843179999999999596e-01,9.465905924899257196e-01,9.517654517340539133e-01,9.515307823943607302e-01
7.863179999999999614e-01,9.468218864257039735e-01,9.517134728590620485e-01,9.513594630460028290e-01
7.882179999999999742e-01,9.469611478699369034e-01,9.514737449846839556e-01,9.514545563307122977e-01
7.902179999999999760e-01,9.468204523702872244e-01,9.513801440256551833e-01,9.516939716599772670e-01
7.921179999999999888e-01,9.465896591615869937e-01,9.515526365501726369e-01,9.517442189936025088e-01
7.941179999999999906e-01,9.465902591611210504e-01,9.517580932988632947e-01,9.515381756044556383e-01
7.961179999999999923e-01,9.468214433083230741e-01,9.517067047000630220e-01,9.513664045400069824e-01
7.980180000000000051e-01,9.469611890630590390e-01,9.514671729928481092e-01,9.514609358184210608e-01
8.000180000000000069e-01,9.468209764779937920e-01,9.513732049391380174e-01,9.517004150082629677e-01
8.019180000000000197e-01,9.465899096204296592e-01,9.515454298304117930e-01,9.517512315191593020e-01
8.039180000000000215e-01,9.465899096204296592e-01,9.517510380535123549e-01,9.515455375968278062e-01
8.059180000000000232e-01,9.468209830335951871e-01,9.517002395946061455e-01,9.513733156824891735e-01
8.078180000000000360e-01,9.469612124470477843e-01,9.514607705438868912e-01,9.514672844922107409e-01
8.098180000000000378e-01,9.468215451277581796e-01,9.513662400271495345e-01,9.517069607319842417e-01
8.118180000000000396e-01,9.494814243132393417e-01,9.492736895936773056e-01,9.511194751426191862e-01
8.137180000000000524e-01,9.494808243134994497e-01,9.494792645199401360e-01,9.509118617101421922e-01
8.157180000000000542e-01,9.497112528605539117e-01,9.494285535438891088e-01,9.507387006232617122e-01
8.176179999999999559e-01,9.498510101382481308e-01,9.491887315546199133e-01,9.508319817995327661e-01
8.196179999999999577e-01,9.497108699248850705e-01,9.490934219370895653e-01,9.510700457991666523e-01
8.216179999999999595e-01,9.523772825205076842e-01,9.470065357084923585e-01,9.505108409404241510e-01
8.235179999999999723e-01,9.523760825226288418e-01,9.472120787393267793e-01,9.503012083287679657e-01
8.255179999999999740e-01,9.526060285764355040e-01,9.471614358861337735e-01,9.501272928948342189e-01
8.274179999999999868e-01,9.527452532325948464e-01,9.469213963622957753e-01,9.502200805356544322e-01
8.294179999999999886e-01,9.526045786953698524e-01,9.468256991922515686e-01,9.504563948074137292e-01
8.314179999999999904e-01,9.523821454587054758e-01,9.470093699749646543e-01,9.505031482403669685e-01
8.333180000000000032e-01,9.523803454590626938e-01,9.472151662596381971e-01,9.502937622815550434e-01
8.353180000000000049e-01,9.526100157444862271e-01,9.471650986618820323e-01,9.501193929731962529e-01
8.372180000000000177e-01,9.527497784511765877e-01,9.469252612951750692e-01,9.502116199562369303e-01
8.392180000000000195e-01,9.526095814530268768e-01,9.468290027755630334e-01,9.504480020003573948e-01
8.412180000000000213e-01,9.523870266455002342e-01,9.470120465833848922e-01,9.504953495617141090e-01
8.431180000000000341e-01,9.523846266459624621e-01,9.472181948448945565e-01,9.502863122767583048e-01
8.451180000000000359e-01,9.526141818293263341e-01,9.471687238652171104e-01,9.501114899749115716e-01
8.470180000000000486e-01,9.527544204086273449e-01,9.469289556449177470e-01,9.502029603831984028e-01
8.490180000000000504e-01,9.526147631185146736e-01,9.468321362428401278e-01,9.504394090672945161e-01
8.510180000000000522e-01,9.523922492250209704e-01,9.470147347366771884e-01,9.504873506653823689e-01
8.529179999999999540e-01,9.523892492302701296e-01,9.472212342065211566e-01,9.502786628045248873e-01
8.549179999999999557e-01,9.526186883100732361e-01,9.471723599223623724e-01,9.501035713446956965e-01
8.569179999999999575e-01,9.509713925375915533e-01,9.499547316672919406e-01,9.489481855928004750e-01
8.588179999999999703e-01,9.508297132413046082e-01,9.498572784083809672e-01,9.491847583480105266e-01
8.608179999999999721e-01,9.506059785981731958e-01,9.500393266043223317e-01,9.492331398648249374e-01
8.627179999999999849e-01,9.506023786109969453e-01,9.502448136187976457e-01,9.490246005056284240e-01
8.647179999999999866e-01,9.508305772489052954e-01,9.501948428704950489e-01,9.488490358148563564e-01
8.667179999999999884e-01,9.492071273717819224e-01,9.529873169301144031e-01,9.477002510603027563e-01
8.686180000000000012e-01,9.490633578596798792e-01,9.528892299741293925e-01,9.479368150074556354e-01
8.706180000000000030e-01,9.488384016037784141e-01,9.530707285440613852e-01,9.479856586025834364e-01
8.725180000000000158e-01,9.488342017133444273e-01,9.532752074311720003e-01,9.477773704116639886e-01
8.745180000000000176e-01,9.490611560422359538e-01,9.532241660698925756e-01,9.476013334618176298e-01
8.765180000000000193e-01,9.491992894090683919e-01,9.529895618670046753e-01,9.477057757400826343e-01
8.784180000000000321e-01,9.490559999889416343e-01,9.528911090888882995e-01,9.479422715323071458e-01
8.804180000000000339e-01,9.488309215989296774e-01,9.530721618816400120e-01,9.479917117983271968e-01
8.823180000000000467e-01,9.488261216842782675e-01,9.532769866009841442e-01,9.477837776364365086e-01
8.843180000000000485e-01,9.490529644316051394e-01,9.532265344334854840e-01,9.476072913854276525e-01
8.863180000000000502e-01,9.491915241038112461e-01,9.529919859400027837e-01,9.477111748464212004e-01
8.882179999999999520e-01,9.490487781285783520e-01,9.528927763391750183e-01,9.479477348308018581e-01
8.902179999999999538e-01,9.488234161310740156e-01,9.530733824628845330e-01,9.479977716789712572e-01
8.921179999999999666e-01,9.488180161908146282e-01,9.532784524052053676e-01,9.477900925418162315e-01
8.941179999999999684e-01,9.490447463556117569e-01,9.532285894433158990e-01,9.476131579001418892e-01
8.961179999999999701e-01,9.491838530961417275e-01,9.529939639072532165e-01,9.477166777572529899e-01
8.980179999999999829e-01,9.490415883600372693e-01,9.528941936793035028e-01,9.479533008611220612e-01
9.000179999999999847e-01,9.488159440494127184e-01,9.530743522391130762e-01,9.480039343096953175e-01
9.019179999999999975e-01,9.488099440849955268e-01,9.532796662105217367e-01,9.477965114777795463e-01
9.039179999999999993e-01,9.490363993498039941e-01,9.532303925196322636e-01,9.476193118507181268e-01
9.059180000000000010e-01,9.491759917629497556e-01,9.529959586855859532e-01,9.477222719907177906e-01
9.078180000000000138e-01,9.490342089754961741e-01,9.528958238658823410e-01,9.479590913801111407e-01
9.098180000000000156e-01,9.488084456557664970e-01,9.530755339412139149e-01,9.480102998577686346e-01
9.117180000000000284e-01,9.488018456715102689e-01,9.532811909265387351e-01,9.478031345465088853e-01
9.137180000000000302e-01,9.490281863335848778e-01,9.532324860318415194e-01,9.476254882471232266e-01
9.157180000000000319e-01,9.491682637259940547e-01,9.529981111886794976e-01,9.477278881971482605e-01
9.176180000000000447e-01,9.490270256095939549e-01,9.528972210999434589e-01,9.479647686911866211e-01
9.196180000000000465e-01,9.488011441991341943e-01,9.530766647460406915e-01,9.480165734471689420e-01
9.216180000000000483e-01,9.487959442013570444e-01,9.506440914174909551e-01,9.504340695160273800e-01
9.235179999999999501e-01,9.490221692780227425e-01,9.505936904729772596e-01,9.502555919802322393e-01
9.255179999999999518e-01,9.491627926174199814e-01,9.503579880533865598e-01,9.503573284258739484e-01
9.274179999999999646e-01,9.490219758584890197e-01,9.502564346280687468e-01,9.505928775201519798e-01
9.294179999999999664e-01,9.487959773755115789e-01,9.504350480728133155e-01,9.506429800191689150e-01
9.314179999999999682e-01,9.487977773754102673e-01,9.480192349962341947e-01,9.530772162770936307e-01
9.333179999999999810e-01,9.490238859826723994e-01,9.479671734816970119e-01,9.528980922439060919e-01
9.353179999999999827e-01,9.491649312497788538e-01,9.477304080573963896e-01,9.529991651275334652e-01
9.372179999999999955e-01,9.490245985643700477e-01,9.476283871557428240e-01,9.532335205409173673e-01
9.392179999999999973e-01,9.487983223116601694e-01,9.478061685560965621e-01,9.532819495187064840e-01
9.412179999999999991e-01,9.488053223027531624e-01,9.480131201465843427e-01,9.530760852990973753e-01
9.431180000000000119e-01,9.490311514639968582e-01,9.479616327510813623e-01,9.528965115494413274e-01
9.451180000000000136e-01,9.491726796101191965e-01,9.477249276227412977e-01,9.529970249423550532e-01
9.470180000000000264e-01,9.490328929849333184e-01,9.476223462721420354e-01,9.532314399182827414e-01
9.490180000000000282e-01,9.488065016422734255e-01,9.477998638028503064e-01,9.532804586067925579e-01
9.510180000000000300e-01,9.488129016161931384e-01,9.480071726982518543e-01,9.530749372801258223e-01
9.529180000000000428e-01,9.490384500311583871e-01,9.479562601522748544e-01,9.528949147005262299e-01
9.549180000000000446e-01,9.491805226711694798e-01,9.477194823950912950e-01,9.529948681315680847e-01
9.568179999999999463e-01,9.490411601591569601e-01,9.476163410793938535e-01,9.532293415607726583e-01
9.588179999999999481e-01,9.488146547230721373e-01,9.477934115305266527e-01,9.532789289455337878e-01
9.608179999999999499e-01,9.488202546756667743e-01,9.480009773724089595e-01,9.530737511889789682e-01
9.627179999999999627e-01,9.490456834504985562e-01,9.479506825898229572e-01,9.528934633107831731e-01
9.647179999999999644e-01,9.491882378217117999e-01,9.477141015348594655e-01,9.529928563053473578e-01
9.667179999999999662e-01,9.508258538194713783e-01,9.488470171290807054e-01,9.502020536346240664e-01
9.686179999999999790e-01,9.505981112921506604e-01,9.490236178043653936e-01,9.502505605473268169e-01
9.706179999999999808e-01,9.506031112916926151e-01,9.492313396386063973e-01,9.500443694377312953e-01
9.725179999999999936e-01,9.508273150192636525e-01,9.491815102721472552e-01,9.498633497137574100e-01
9.745179999999999954e-01,9.509677815148687152e-01,9.489449199404339508e-01,9.499621076255670982e-01
9.765179999999999971e-01,9.526290843341084225e-01,9.500842505021416251e-01,9.471816318299931536e-01
9.784180000000000099e-01,9.524001086005873251e-01,9.502603804057746517e-01,9.472290531280880277e-01
9.804180000000000117e-01,9.524045085465463467e-01,9.504683558507420749e-01,9.470218444840359240e-01
9.823180000000000245e-01,9.526276494169696463e-01,9.504189692509339427e-01,9.468399088899249749e-01
9.843180000000000263e-01,9.527660958887331777e-01,9.501822357622836668e-01,9.469380315594324582e-01
9.863180000000000280e-01,9.526246568826389760e-01,9.500920733097839577e-01,9.471777660909451724e-01
9.882180000000000408e-01,9.523955625786457713e-01,9.502677531574371672e-01,9.472257846614877685e-01
9.902180000000000426e-01,9.523993625525505324e-01,9.504760802936910169e-01,9.470189250975479256e-01
9.921180000000000554e-01,9.526223852221707977e-01,9.504272668832738358e-01,9.468367251492559866e-01
9.941179999999999461e-01,9.527613724045735921e-01,9.501905975350188882e-01,9.469342880880423641e-01
9.961179999999999479e-01,9.526204699621035887e-01,9.500998727913469999e-01,9.471739613527332402e-01
9.980179999999999607e-01,9.523912580313438347e-01,9.502752846240980489e-01,9.472225564759529925e-01
1.000000000000000000e+00,9.523834580548639073e-01,9.509473166573905178e-01,9.465487610360164838e-01
